school,title,date,link,kind
CHHS,SWIMMING SUCCESS!,"Fri, 15 May 2026 14:06:22 +0000",https://schools.edu.ky/chhs/swimming-success/,baseline
CHHS,EXTERNAL EXAMS UNDERWAY!,"Fri, 15 May 2026 14:04:33 +0000",https://schools.edu.ky/chhs/external-exams-underway/,baseline
CHHS,CHHS at National Schools Chess Championships,"Wed, 11 Mar 2026 13:13:49 +0000",https://schools.edu.ky/chhs/chhs-at-national-schools-chess-championships/,baseline
CHHS,Clifton Hunter Sports Day,"Thu, 12 Feb 2026 17:54:46 +0000",https://schools.edu.ky/chhs/clifton-hunter-sports-day/,baseline
CHHS,Christmas Newsletter,"Fri, 09 Jan 2026 15:31:07 +0000",https://schools.edu.ky/chhs/christmas-newsletter/,baseline
CHHS,Lighting the Path of Excellence: Inside the CHHS 2025 TLC Academic Awards,"Fri, 28 Nov 2025 11:37:10 +0000",https://schools.edu.ky/chhs/lighting-the-path-of-excellence-inside-the-chhs-2025-tlc-academic-awards/,baseline
CHHS,"CHHS WEX 2025: Powerful Partnerships, Future-Ready Students","Wed, 30 Jul 2025 15:45:27 +0000",https://schools.edu.ky/chhs/chhs-wex-2025-powerful-partnerships-future-ready-students/,baseline
CHHS,CHHS Alumna Dr. Brianna Bodden Completes MBBS with Top Honours,"Sun, 29 Jun 2025 05:12:34 +0000",https://schools.edu.ky/chhs/chhs-alumna-dr-brianna-bodden-completes-mbbs-with-top-honours/,baseline
CHHS,"CHHS – June 24th, 4-6 PM – Shape the future, become a teacher","Fri, 20 Jun 2025 23:52:11 +0000",https://schools.edu.ky/chhs/chhs-june-24th-4-6-pm-shape-the-future-by-becoming-a-teacher/,baseline
CHHS,CHHS Young Leaders Are Shaping Cayman’s Future – Plastic to Purpose,"Thu, 05 Jun 2025 00:23:25 +0000",https://schools.edu.ky/chhs/chhs-young-leaders-are-shaping-caymans-future-from-plastic-waste-to-purposeful-change/,baseline
CIFEC,CIFEC hits local news!,"Wed, 14 Jan 2026 19:04:37 +0000",https://schools.edu.ky/cifec/cifec-hits-local-news/,baseline
CIFEC,Check out our Newsletters!,"Wed, 14 Jan 2026 18:29:47 +0000",https://schools.edu.ky/cifec/check-out-our-newsletters/,baseline
CIFEC,“Good School” Inspection report,"Fri, 09 Jan 2026 14:55:20 +0000",https://schools.edu.ky/cifec/good-school-inspection-report/,baseline
CIFEC,My first day at CIFEC,"Wed, 19 Nov 2025 18:34:40 +0000",https://schools.edu.ky/cifec/my-first-day-at-cifec/,baseline
CIFEC,Curriculum,"Wed, 02 Jul 2025 15:30:13 +0000",https://schools.edu.ky/cifec/curriculum/,baseline
CIFEC,TVET,"Thu, 12 Jun 2025 00:04:54 +0000",https://schools.edu.ky/cifec/tvet/,baseline
CIFEC,CIFEC ART STUDENTS MEET CCMI CLIENTS,"Wed, 28 May 2025 17:40:04 +0000",https://schools.edu.ky/cifec/cifec-art-students-meet-ccmi-clients/,baseline
CIFEC,Cultural Awareness Week,"Thu, 17 Apr 2025 17:36:45 +0000",https://schools.edu.ky/cifec/cultural-awareness-week/,baseline
CIFEC,Welcome,"Thu, 16 Nov 2023 14:43:29 +0000",https://schools.edu.ky/cifec/welcome/,baseline
CIFEC,Kaymanite productions at NCFA,"Fri, 22 Jul 2022 23:15:10 +0000",https://schools.edu.ky/cifec/kaymanite-productions-at-ncfa/,baseline
EEPS,345 Day 2026,"Fri, 15 May 2026 13:15:35 +0000",https://schools.edu.ky/eeps/345-day-2026/,baseline
EEPS,Attendance Stars!,"Fri, 15 May 2026 13:13:01 +0000",https://schools.edu.ky/eeps/attendance-stars/,baseline
EEPS,Love and Belonging Morning,"Thu, 12 Feb 2026 18:33:36 +0000",https://schools.edu.ky/eeps/love-and-belonging-evening/,baseline
EEPS,Celebrating the Birth of Jesus: Our Christmas Program,"Thu, 01 Jan 2026 14:29:34 +0000",https://schools.edu.ky/eeps/4334-2/,baseline
EEPS,STUDENT COUNCIL CARES,"Thu, 01 Jan 2026 14:20:38 +0000",https://schools.edu.ky/eeps/student-council-cares/,baseline
EEPS,"100% PROGRESS, 100% PRIDE","Thu, 01 Jan 2026 14:12:22 +0000",https://schools.edu.ky/eeps/100-progress-100-pride/,baseline
EEPS,Celebrating Our Staff: A Joyful EEPS Brunch at Pappagallo,"Thu, 01 Jan 2026 14:03:00 +0000",https://schools.edu.ky/eeps/celebrating-our-staff-a-joyful-eeps-brunch-at-pappagallo/,baseline
EEPS,Giving Back This Christmas: Inclusive Eco Club Harvest Day,"Thu, 01 Jan 2026 13:43:32 +0000",https://schools.edu.ky/eeps/giving-back-this-christmas-inclusive-eco-club-harvest-day/,baseline
EEPS,SPREADING CHRISTMAS CHEER,"Thu, 01 Jan 2026 13:28:42 +0000",https://schools.edu.ky/eeps/spreading-christmas-cheer/,baseline
EEPS,Sporting Excellence Continues with Under-9 Girls’ Victory,"Thu, 01 Jan 2026 13:21:46 +0000",https://schools.edu.ky/eeps/sporting-excellence-continues-with-under-9-girls-victory/,baseline
EMMPS,345 Day at Edna Moyle Primary School,"Fri, 15 May 2026 13:03:30 +0000",https://schools.edu.ky/emmps/345-day-at-edna-moyle-primary-school/,baseline
EMMPS,Science Fair!,"Fri, 15 May 2026 13:00:40 +0000",https://schools.edu.ky/emmps/science-fair-2/,baseline
EMMPS,READ ALOUD DAY,"Thu, 12 Feb 2026 18:40:29 +0000",https://schools.edu.ky/emmps/read-aloud-day/,baseline
EMMPS,Teacher Look-A-Like Day at EMPS!,"Thu, 25 Sep 2025 14:39:26 +0000",https://schools.edu.ky/emmps/teacher-look-a-like-day-at-emps/,baseline
EMMPS,Science Fair,"Wed, 23 Apr 2025 13:16:31 +0000",https://schools.edu.ky/emmps/science-fair/,baseline
EMMPS,Hoppy Easter from EMPS!,"Wed, 23 Apr 2025 13:11:34 +0000",https://schools.edu.ky/emmps/hoppy-easter-from-emps/,baseline
JACPS,SJACPS Unveils New Sensory Garden,"Fri, 22 May 2026 16:34:51 +0000",https://schools.edu.ky/jacps/sjacps-unveils-new-sensory-garden/,baseline
JACPS,Muffins with Moms 2026,"Thu, 07 May 2026 15:09:59 +0000",https://schools.edu.ky/jacps/muffins-with-moms-2026/,baseline
JACPS,4th Annual STEM Fair 2026,"Thu, 07 May 2026 15:01:06 +0000",https://schools.edu.ky/jacps/annua-stem-fair-2026/,baseline
JACPS,Mrs. Wright Wins Coveted Employee of the Year Award,"Wed, 06 May 2026 19:57:36 +0000",https://schools.edu.ky/jacps/mrs-wright-wins-coveted-employee-of-the-year-award/,baseline
JACPS,Science Month 2026: Anything But A Bag Day,"Wed, 06 May 2026 19:47:19 +0000",https://schools.edu.ky/jacps/anything-but-a-bag-day/,baseline
JACPS,English in Science Poster Competition Winners,"Fri, 01 May 2026 19:51:29 +0000",https://schools.edu.ky/jacps/english-in-science-poster-competition-winners/,baseline
JACPS,SJACPS Presents Aladdin Jr.,"Fri, 01 May 2026 19:11:11 +0000",https://schools.edu.ky/jacps/aladdin/,baseline
JACPS,New Playground,"Thu, 16 Oct 2025 18:13:52 +0000",https://schools.edu.ky/jacps/new-playground/,baseline
JACPS,Goodies with Grands,"Thu, 16 Oct 2025 18:02:45 +0000",https://schools.edu.ky/jacps/goodies-with-grands/,baseline
JACPS,Literacy Month!,"Wed, 17 Sep 2025 13:22:10 +0000",https://schools.edu.ky/jacps/literacy-month/,baseline
JCPS,Joanna Clarke at Batabano 2026,"Thu, 07 May 2026 14:33:22 +0000",https://schools.edu.ky/jcps/joanna-clarke-at-batabano-2026/,baseline
JCPS,Minister of Education Visits JCPS,"Thu, 12 Feb 2026 18:22:17 +0000",https://schools.edu.ky/jcps/minister-of-education-visits-jcps/,baseline
JCPS,Young Gentleman’s Club,"Thu, 06 Nov 2025 14:22:30 +0000",https://schools.edu.ky/jcps/young-gentlemans-club/,baseline
JCPS,Career Day at JCPS,"Wed, 04 Jun 2025 13:23:25 +0000",https://schools.edu.ky/jcps/career-day-at-jcps/,baseline
JCPS,Joanna Clarke Primary Shines at Annual Jr. Batabano Competition,"Wed, 07 May 2025 19:33:42 +0000",https://schools.edu.ky/jcps/joanna-clarke-primary-shines-at-annual-jr-batabano-competition/,baseline
JCPS,SPRING FAIR FUN!,"Thu, 17 Apr 2025 14:55:10 +0000",https://schools.edu.ky/jcps/spring-fair-fun/,baseline
JCPS,Leaving Class 2022,"Thu, 16 Jun 2022 14:04:00 +0000",https://schools.edu.ky/jcps/leaving-class-2022/,baseline
JCPS,Queens Platinum Jubilee,"Fri, 03 Jun 2022 23:15:00 +0000",https://schools.edu.ky/jcps/queens-platinum-jubilee/,baseline
JGHS,EDPM EXAM FRIDAY 8th MAY,"Thu, 07 May 2026 13:44:44 +0000",https://schools.edu.ky/jghs/edpm-exam-friday-8th-may/,baseline
JGHS,Year 11 Water Party – Fun Days!,"Thu, 07 May 2026 13:40:23 +0000",https://schools.edu.ky/jghs/year-11-water-party-fun-days/,baseline
JGHS,John Gray students perform at Government Admin Building,"Fri, 17 Apr 2026 12:10:00 +0000",https://schools.edu.ky/jghs/john-gray-students-perform-at-government-admin-building/,baseline
JGHS,CARIFTA GAMES 2026 MEDAL ALERT,"Fri, 17 Apr 2026 12:07:28 +0000",https://schools.edu.ky/jghs/carifta-games-2026-medal-alert/,baseline
JGHS,Cayman’s Junior Chess Champion 2026!,"Fri, 17 Apr 2026 12:05:31 +0000",https://schools.edu.ky/jghs/caymans-junior-chess-champion-2026/,baseline
JGHS,JGHS hosts National Schools Chess Championship,"Wed, 11 Mar 2026 12:44:56 +0000",https://schools.edu.ky/jghs/jghs-hosts-national-schools-chess-championship/,baseline
JGHS,Inter-Secondary Track and Field Champions!,"Fri, 06 Mar 2026 17:14:53 +0000",https://schools.edu.ky/jghs/inter-secondary-track-and-field-champions/,baseline
JGHS,THE ADDAMS FAMILY,"Mon, 12 Jan 2026 15:08:37 +0000",https://schools.edu.ky/jghs/the-addams-family/,baseline
JGHS,Davonte Howell nominated for Best Junior Athlete,"Fri, 12 Dec 2025 17:11:32 +0000",https://schools.edu.ky/jghs/davonte-howell-wins-best-junior-athlete/,baseline
JGHS,Your Student Leadership Team 2025-26,"Thu, 27 Nov 2025 14:08:48 +0000",https://schools.edu.ky/jghs/your-student-leadership-team-2025-26/,baseline
LHS,Autism Awareness 5K Run/Walk,"Tue, 17 Mar 2026 20:23:03 +0000",https://schools.edu.ky/lhs/autism-awareness-5k-run-walk/,baseline
LHS,Consultation Meeting Announced on Proposed Changes to Disabilities Act,"Wed, 11 Feb 2026 20:12:22 +0000",https://schools.edu.ky/lhs/consultation-meeting-announced-on-proposed-changes-to-disabilities-act/,baseline
LHS,Lighthouse School 50th Anniversary Church Service,"Thu, 15 Jan 2026 19:20:11 +0000",https://schools.edu.ky/lhs/lighthouse-school-50th-anniversary-church-service/,baseline
LHS,Exams Success!,"Wed, 19 Nov 2025 18:48:58 +0000",https://schools.edu.ky/lhs/exams-success/,baseline
LHS,LITERACY DAY!,"Fri, 05 Sep 2025 20:32:39 +0000",https://schools.edu.ky/lhs/literacy-day/,baseline
LHS,NEW STUDENT ORIENTATION,"Tue, 26 Aug 2025 00:07:50 +0000",https://schools.edu.ky/lhs/new-student-orientation/,baseline
LHS,UPCOMING EVENTS – June 2025!,"Wed, 18 Jun 2025 17:42:40 +0000",https://schools.edu.ky/lhs/upcoming-events-june-2025/,baseline
LHS,Cayman Art Week at Lighthouse School,"Wed, 28 May 2025 18:18:16 +0000",https://schools.edu.ky/lhs/cayman-art-week-at-lighthouse-school/,baseline
LHS,Autism Acceptance & Wellness Event,"Thu, 08 May 2025 16:13:41 +0000",https://schools.edu.ky/lhs/autism-acceptance-wellness-event/,baseline
LHS,School’s Victory Campaign: Community Engagement,"Tue, 15 Oct 2024 16:58:12 +0000",https://schools.edu.ky/lhs/schools-victory-campaign-community-engagement/,baseline
LSHS,Proud Moments for Layman E. Scott Sr. High School!,"Thu, 07 May 2026 14:21:30 +0000",https://schools.edu.ky/lshs/proud-moments-for-layman-e-scott-sr-high-school/,baseline
LSHS,STEM Racing: F1 in Schools,"Thu, 07 May 2026 14:14:23 +0000",https://schools.edu.ky/lshs/stem-racing-f1-in-schools/,baseline
LSHS,Swim meet,"Wed, 11 Feb 2026 17:19:56 +0000",https://schools.edu.ky/lshs/swim-meet/,baseline
LSHS,Brac student in Concacaf Qualifiers,"Wed, 11 Feb 2026 17:17:53 +0000",https://schools.edu.ky/lshs/brac-student-in-concacaf-qualifiers/,baseline
LSHS,U15’s International Football on the Brac!,"Wed, 11 Feb 2026 17:14:28 +0000",https://schools.edu.ky/lshs/u15s-international-football-on-the-brac/,baseline
LSHS,Hurricane Melissa Relief,"Mon, 15 Dec 2025 17:50:09 +0000",https://schools.edu.ky/lshs/hurricane-melissa-relief/,baseline
LSHS,Cyberbullying and Online Safety,"Thu, 06 Nov 2025 14:15:26 +0000",https://schools.edu.ky/lshs/cyberbullying-and-online-safety/,baseline
LSHS,"Asbestos abatement and clearance confirmed at Layman E. Scott Sr. High School, Sept 2025","Fri, 26 Sep 2025 17:42:32 +0000",https://schools.edu.ky/lshs/cih-environmental-solutions-confirms-successful-asbestos-abatement-and-clearance-testing-at-layman-scott-high-school-september-2025/,baseline
LSHS,Teacher Appreciation!,"Wed, 18 Jun 2025 15:30:14 +0000",https://schools.edu.ky/lshs/teacher-appreciation/,baseline
LSHS,Minister of Education Visit,"Wed, 18 Jun 2025 15:26:56 +0000",https://schools.edu.ky/lshs/minister-of-education-visit/,baseline
MMPS,Thank a Teacher Day!,"Thu, 02 Oct 2025 15:43:19 +0000",https://schools.edu.ky/mmps/thank-a-teacher-day/,baseline
MMPS,Making Deals!!!,"Thu, 17 Jul 2025 18:23:51 +0000",https://schools.edu.ky/mmps/making-deals/,baseline
MMPS,Marie Martin Primary Celebrates School Leavers with Heartfelt Community Support,"Thu, 17 Jul 2025 18:03:34 +0000",https://schools.edu.ky/mmps/marie-martin-primary-celebrates-school-leavers-with-heartfelt-community-support/,baseline
MMPS,Not Just Breakfast!,"Mon, 16 Jun 2025 16:35:46 +0000",https://schools.edu.ky/mmps/not-just-breakfast/,baseline
MMPS,Marie Martin Primary School Shines at the Early Years Spring Extravaganza,"Sun, 15 Jun 2025 21:54:52 +0000",https://schools.edu.ky/mmps/marie-martin-primary-school-shines-at-the-early-years-spring-extravaganza/,baseline
MMPS,Marie Martin Primary School Hosts Inspiring Reading Night in Collaboration with Rotary Sunrise,"Sun, 15 Jun 2025 21:36:15 +0000",https://schools.edu.ky/mmps/marie-martin-primary-school-hosts-inspiring-reading-night-in-collaboration-with-rotary-sunrise/,baseline
MMPS,Marie Martin Primary Shines at the Cayman Islands Battle of the Books Competition,"Sun, 15 Jun 2025 21:23:15 +0000",https://schools.edu.ky/mmps/marie-martin-primary-shines-at-the-cayman-islands-battle-of-the-books-competition/,baseline
MMPS,Focused Support for Student Success: Marie Martin Primary Hosts Targeted Intervention Session for Teaching Assistants,"Sun, 15 Jun 2025 21:09:03 +0000",https://schools.edu.ky/mmps/focused-support-for-student-success-marie-martin-primary-hosts-targeted-intervention-session-for-teaching-assistants/,baseline
MMPS,Marie Martin Primary Goes Global: Year 6 Students Embark on Unforgettable Trip to Panama,"Sun, 15 Jun 2025 21:03:06 +0000",https://schools.edu.ky/mmps/marie-martin-primary-goes-global-year-6-students-embark-on-unforgettable-trip-to-panama/,baseline
MMPS,Enhancing Teaching and Learning: Marking and Feedback Policy Workshop at Marie Martin Primary,"Sun, 15 Jun 2025 20:35:57 +0000",https://schools.edu.ky/mmps/enhancing-teaching-and-learning-marking-and-feedback-policy-workshop-at-marie-martin-primary/,baseline
PPPS,School Uniform,"Thu, 15 May 2025 17:11:33 +0000",https://schools.edu.ky/pps/school-uniform/,baseline
RBPS,RBPS Reception Child Month Tea Party,"Thu, 21 May 2026 13:19:17 +0000",https://schools.edu.ky/rbps/child-month-tea-party-2/,baseline
RBPS,CHILD MONTH ASSEMBLY,"Fri, 15 May 2026 15:28:25 +0000",https://schools.edu.ky/rbps/child-month-assembly/,baseline
RBPS,RBPS Celebrates Child Month,"Fri, 15 May 2026 12:40:14 +0000",https://schools.edu.ky/rbps/rbps-celebrates-child-month/,baseline
RBPS,Boys’ Cricket Rally,"Fri, 15 May 2026 12:36:56 +0000",https://schools.edu.ky/rbps/boys-cricket-rally/,baseline
RBPS,Celebrating 345: A Proud Showcase of Caymanian Culture and Talent,"Fri, 01 May 2026 15:54:04 +0000",https://schools.edu.ky/rbps/celebrating-345-a-proud-showcase-of-caymanian-culture-and-talent/,baseline
RBPS,Red Bay Primary Shines at NCFA 2026,"Fri, 01 May 2026 15:42:18 +0000",https://schools.edu.ky/rbps/red-bay-primary-shines-at-ncfa-2026/,baseline
RBPS,RBPS Hosts Inspiring Autism Assembly to Celebrate Inclusion and Awareness,"Mon, 20 Apr 2026 15:32:45 +0000",https://schools.edu.ky/rbps/rbps-hosts-inspiring-autism-assembly-to-celebrate-inclusion-and-awareness/,baseline
RBPS,Taking Learning to New Heights: Jaevion Donates Drones to RBPS,"Fri, 17 Apr 2026 15:52:14 +0000",https://schools.edu.ky/rbps/taking-learning-to-new-heights-jaevion-donates-drones-to-rbps/,baseline
RBPS,Student Leadership in Action: Jaevion Supports Chicken Coop Project,"Fri, 17 Apr 2026 15:39:20 +0000",https://schools.edu.ky/rbps/student-leadership-in-action-jaevion-supports-chicken-coop-project/,baseline
RBPS,Introducing the New Red Bay Band!,"Fri, 17 Apr 2026 15:28:40 +0000",https://schools.edu.ky/rbps/introducing-the-new-red-bay-band/,baseline
CSBS,Inspection Report GOOD SCHOOL,"February 12, 2026",https://schools.edu.ky/csbs/inspection-report-good-school/,baseline
CSBS,Gimistory!,"November 20, 2025",https://schools.edu.ky/csbs/gimistory/,baseline
CSBS,Lions Club Swim Meet,"May 15, 2025",https://schools.edu.ky/csbs/lions-club-swim-meet/,baseline
CSBS,PI Day 2025,"April 17, 2025",https://schools.edu.ky/csbs/pi-day-2025/,baseline
TMPS,NCFA Success 2026,"Fri, 15 May 2026 13:30:09 +0000",https://schools.edu.ky/tmps/ncfa-success-2026/,baseline
TMPS,TMPS at Junior Batabano 2026,"Fri, 15 May 2026 13:21:27 +0000",https://schools.edu.ky/tmps/tmps-at-junior-batabano-2026/,baseline
TMPS,Careers Day 2026,"Mon, 23 Feb 2026 19:36:16 +0000",https://schools.edu.ky/tmps/careers-day-2026/,baseline
TMPS,READING ALOUD!,"Thu, 12 Feb 2026 18:25:02 +0000",https://schools.edu.ky/tmps/reading-aloud/,baseline
TMPS,NCFA Speech Success!,"Wed, 23 Apr 2025 13:36:16 +0000",https://schools.edu.ky/tmps/ncfa-speech-success/,baseline
WEPS,Ocean Research Discoveries brought to the classroom,"Wed, 20 May 2026 12:59:39 +0000",https://schools.edu.ky/weps/ocean-research-discoveries-brought-to-the-classroom/,baseline
WEPS,Family Fun Day,"Wed, 13 May 2026 13:52:28 +0000",https://schools.edu.ky/weps/family-fun-day/,baseline
WEPS,Battle of the Books – May 2026,"Tue, 12 May 2026 13:15:57 +0000",https://schools.edu.ky/weps/battle-of-the-books-may-2026/,baseline
WEPS,Swimmers make Waves!,"Tue, 12 May 2026 13:13:18 +0000",https://schools.edu.ky/weps/swimmers-make-waves/,baseline
WEPS,345 Day 2026,"Fri, 01 May 2026 17:43:58 +0000",https://schools.edu.ky/weps/345-day-2026/,baseline
WEPS,Autism Acceptance,"Thu, 30 Apr 2026 16:55:33 +0000",https://schools.edu.ky/weps/autism-acceptance/,baseline
WEPS,World Book Day,"Fri, 24 Apr 2026 13:59:16 +0000",https://schools.edu.ky/weps/world-book-day/,baseline
WEPS,Celebrating NCFA!,"Wed, 22 Apr 2026 17:37:16 +0000",https://schools.edu.ky/weps/celebrating-ncfa/,baseline
WEPS,Earth Day 2026,"Wed, 15 Apr 2026 18:30:17 +0000",https://schools.edu.ky/weps/earth-day-2026/,baseline
WEPS,Age Group Swim Meet,"Wed, 01 Apr 2026 18:30:03 +0000",https://schools.edu.ky/weps/age-group-swim-meet/,baseline
