school,ga4 school,title,last date,link
CHHS,CHHS,SWIMMING SUCCESS!,"Fri, 15 May 2026 14:06:22 +0000",https://schools.edu.ky/chhs/swimming-success/
CIFEC,CIFEC,Earth Day Volunteers!,"Wed, 27 May 2026 12:41:27 +0000",https://schools.edu.ky/cifec/earth-day-volunteers/
EEPS,EEPS,345 Day 2026,"Fri, 15 May 2026 13:15:35 +0000",https://schools.edu.ky/eeps/345-day-2026/
EMMPS,EMPS,345 Day at Edna Moyle Primary School,"Fri, 15 May 2026 13:03:30 +0000",https://schools.edu.ky/emmps/345-day-at-edna-moyle-primary-school/
JACPS,JACPS,SJACPS Unveils New Sensory Garden,"Fri, 22 May 2026 16:34:51 +0000",https://schools.edu.ky/jacps/sjacps-unveils-new-sensory-garden/
JCPS,JCPS,Joanna Clarke at Batabano 2026,"Thu, 07 May 2026 14:33:22 +0000",https://schools.edu.ky/jcps/joanna-clarke-at-batabano-2026/
JGHS,JGHS,Girls Cricket Success!,"Thu, 28 May 2026 13:57:36 +0000",https://schools.edu.ky/jghs/girls-cricket-success/
LHS,LHSS,NCFA Success!,"Wed, 27 May 2026 12:50:56 +0000",https://schools.edu.ky/lhs/ncfa-success/
LSHS,LSHS,Proud Moments for Layman E. Scott Sr. High School!,"Thu, 07 May 2026 14:21:30 +0000",https://schools.edu.ky/lshs/proud-moments-for-layman-e-scott-sr-high-school/
MMPS,MMPS,Thank a Teacher Day!,"Thu, 02 Oct 2025 15:43:19 +0000",https://schools.edu.ky/mmps/thank-a-teacher-day/
PPPS,PPPS,School Uniform,"Thu, 15 May 2025 17:11:33 +0000",https://schools.edu.ky/pps/school-uniform/
RBPS,RBPS,RBPS Reception Child Month Tea Party,"Thu, 21 May 2026 13:19:17 +0000",https://schools.edu.ky/rbps/child-month-tea-party-2/
CSBS,SBPS,Swimming Success!,"Wed, 27 May 2026 00:00:00 +0000",https://schools.edu.ky/csbs/swimming-success/
TMPS,TMPS,NCFA Success 2026,"Fri, 15 May 2026 13:30:09 +0000",https://schools.edu.ky/tmps/ncfa-success-2026/
WEPS,WEPS,Girls celebrate!,"Wed, 27 May 2026 12:29:41 +0000",https://schools.edu.ky/weps/girls-celebrate/
Updated on 28-May-26,,,,
